
## Created with gatsby-plugin-netlify
/news/unveiling-the-tiktok-trends-of-2024-from-grwm-to-ai-innovations  /blog/unveiling-the-tiktok-trends-of-2024-from-grwm-to-ai-innovations  302
/en/blog/unveiling-the-tiktok-trends-of-2024-from-grwm-to-ai-innovations  /blog/unveiling-the-tiktok-trends-of-2024-from-grwm-to-ai-innovations  302
/blog/unveiling-the-tiktok-trends-of-2024-from-grwm-to-ai-innovations  /blog/mengungkap-tren-tiktok-tahun-2024-dari-grwm-hingga-inovasi-ai  302
/en/blog/mengungkap-tren-tiktok-tahun-2024-dari-grwm-hingga-inovasi-ai  /en/blog/unveiling-the-tiktok-trends-of-2024-from-grwm-to-ai-innovations  302
/news/the-rise-of-ai-generated-music-viral-hits-and-ongoing-debate  /blog/the-rise-of-ai-generated-music-viral-hits-and-ongoing-debate  302
/en/blog/the-rise-of-ai-generated-music-viral-hits-and-ongoing-debate  /blog/the-rise-of-ai-generated-music-viral-hits-and-ongoing-debate  302
/blog/the-rise-of-ai-generated-music-viral-hits-and-ongoing-debate  /blog/bangkitnya-musik-buatan-ai-hits-viral-dan-perdebatan-yang-berlangsung  302
/en/blog/bangkitnya-musik-buatan-ai-hits-viral-dan-perdebatan-yang-berlangsung  /en/blog/the-rise-of-ai-generated-music-viral-hits-and-ongoing-debate  302
/news/how-to-create-burned-in-subtitles-with-adobe-premiere-pro-2024  /blog/how-to-create-burned-in-subtitles-with-adobe-premiere-pro-2024  302
/en/blog/how-to-create-burned-in-subtitles-with-adobe-premiere-pro-2024  /blog/how-to-create-burned-in-subtitles-with-adobe-premiere-pro-2024  302
/blog/how-to-create-burned-in-subtitles-with-adobe-premiere-pro-2024  /blog/cara-membuat-subtitle-permanen-dengan-adobe-premiere-pro-2024  302
/en/blog/cara-membuat-subtitle-permanen-dengan-adobe-premiere-pro-2024  /en/blog/how-to-create-burned-in-subtitles-with-adobe-premiere-pro-2024  302
/news/how-to-add-subtitles-to-youtube-videos  /blog/how-to-add-subtitles-to-youtube-videos  302
/en/blog/how-to-add-subtitles-to-youtube-videos  /blog/how-to-add-subtitles-to-youtube-videos  302
/blog/how-to-add-subtitles-to-youtube-videos  /blog/cara-menambahkan-subtitle-ke-video-youtube  302
/en/blog/cara-menambahkan-subtitle-ke-video-youtube  /en/blog/how-to-add-subtitles-to-youtube-videos  302
/news/top-5-translation-tools-for-professionals-and-learners  /blog/top-5-translation-tools-for-professionals-and-learners  302
/en/blog/top-5-translation-tools-for-professionals-and-learners  /blog/top-5-translation-tools-for-professionals-and-learners  302
/blog/top-5-translation-tools-for-professionals-and-learners  /blog/5-alat-penerjemah-terbaik-untuk-para-profesional-dan-pelajar  302
/en/blog/5-alat-penerjemah-terbaik-untuk-para-profesional-dan-pelajar  /en/blog/top-5-translation-tools-for-professionals-and-learners  302
/news/maximizing-video-marketing-5-tips-for-a-successful-business-in-2024-1  /blog/maximizing-video-marketing-5-tips-for-a-successful-business-in-2024-1  302
/en/blog/maximizing-video-marketing-5-tips-for-a-successful-business-in-2024-1  /blog/maximizing-video-marketing-5-tips-for-a-successful-business-in-2024-1  302
/blog/maximizing-video-marketing-5-tips-for-a-successful-business-in-2024-1  /blog/mengoptimalkan-video-marketing-5-tips-agar-bisnismu-sukses-di-2024-2  302
/en/blog/mengoptimalkan-video-marketing-5-tips-agar-bisnismu-sukses-di-2024-2  /en/blog/maximizing-video-marketing-5-tips-for-a-successful-business-in-2024-1  302
/news/videotranslatorai-at-the-2024-nsw-commercialisation-showcase  /blog/videotranslatorai-at-the-2024-nsw-commercialisation-showcase  302
/en/blog/videotranslatorai-at-the-2024-nsw-commercialisation-showcase  /blog/videotranslatorai-at-the-2024-nsw-commercialisation-showcase  302
/blog/videotranslatorai-at-the-2024-nsw-commercialisation-showcase  /blog/videotranslatorai-di-nsw-commercialisation-showcase-2024  302
/en/blog/videotranslatorai-di-nsw-commercialisation-showcase-2024  /en/blog/videotranslatorai-at-the-2024-nsw-commercialisation-showcase  302
/news/our-journey-with-sbir-phase-1-enhancing-healthcare-accessibility-for-cald-communities  /blog/our-journey-with-sbir-phase-1-enhancing-healthcare-accessibility-for-cald-communities  302
/en/blog/our-journey-with-sbir-phase-1-enhancing-healthcare-accessibility-for-cald-communities  /blog/our-journey-with-sbir-phase-1-enhancing-healthcare-accessibility-for-cald-communities  302
/blog/our-journey-with-sbir-phase-1-enhancing-healthcare-accessibility-for-cald-communities  /blog/perjalanan-kami-dengan-sbir-tahap-1-meningkatkan-aksesibilitas-layanan-kesehatan-untuk-komunitas-cald  302
/en/blog/perjalanan-kami-dengan-sbir-tahap-1-meningkatkan-aksesibilitas-layanan-kesehatan-untuk-komunitas-cald  /en/blog/our-journey-with-sbir-phase-1-enhancing-healthcare-accessibility-for-cald-communities  302
/news/VideoTranslatorAI-wins-feasibility-study-for-nsw-small-business-innovation-research-program  /blog/VideoTranslatorAI-wins-feasibility-study-for-nsw-small-business-innovation-research-program  302
/en/blog/VideoTranslatorAI-wins-feasibility-study-for-nsw-small-business-innovation-research-program  /blog/VideoTranslatorAI-wins-feasibility-study-for-nsw-small-business-innovation-research-program  302
/blog/VideoTranslatorAI-wins-feasibility-study-for-nsw-small-business-innovation-research-program  /blog/videotranslatorai-terpilih-untuk-menjalankan-studi-kelayakan-program-nsw-small-business-innovation-research  302
/en/blog/videotranslatorai-terpilih-untuk-menjalankan-studi-kelayakan-program-nsw-small-business-innovation-research  /en/blog/VideoTranslatorAI-wins-feasibility-study-for-nsw-small-business-innovation-research-program  302
/news/gratitude-growth-and-greetings-reflecting-on-2023  /blog/gratitude-growth-and-greetings-reflecting-on-2023  302
/en/blog/gratitude-growth-and-greetings-reflecting-on-2023  /blog/gratitude-growth-and-greetings-reflecting-on-2023  302
/news/seeking-a-front-end-wizard  /blog/seeking-a-front-end-wizard  302
/en/blog/seeking-a-front-end-wizard  /blog/seeking-a-front-end-wizard  302
/news/khmer-a-cultural-bridge-to-cambodia  /blog/khmer-a-cultural-bridge-to-cambodia  302
/en/blog/khmer-a-cultural-bridge-to-cambodia  /blog/khmer-a-cultural-bridge-to-cambodia  302
/blog/khmer-a-cultural-bridge-to-cambodia  /blog/khmer-jembatan-budaya-menuju-kamboja  302
/en/blog/khmer-jembatan-budaya-menuju-kamboja  /en/blog/khmer-a-cultural-bridge-to-cambodia  302
/news/unraveling-the-unique-inclusive-language-of-ndonesia  /blog/unraveling-the-unique-inclusive-language-of-ndonesia  302
/en/blog/unraveling-the-unique-inclusive-language-of-ndonesia  /blog/unraveling-the-unique-inclusive-language-of-ndonesia  302
/blog/unraveling-the-unique-inclusive-language-of-ndonesia  /blog/keunikan-dari-bahasa-indonesia  302
/en/blog/keunikan-dari-bahasa-indonesia  /en/blog/unraveling-the-unique-inclusive-language-of-ndonesia  302
/news/unlocking-opportunities-collaboration-that-s-changing-the-grants-and-tenders-game  /blog/unlocking-opportunities-collaboration-that-s-changing-the-grants-and-tenders-game  302
/en/blog/unlocking-opportunities-collaboration-that-s-changing-the-grants-and-tenders-game  /blog/unlocking-opportunities-collaboration-that-s-changing-the-grants-and-tenders-game  302
/news/how-video-translation-can-help-river-conservation  /blog/how-video-translation-can-help-river-conservation  302
/en/blog/how-video-translation-can-help-river-conservation  /blog/how-video-translation-can-help-river-conservation  302
/blog/how-video-translation-can-help-river-conservation  /blog/bagaimana-terjemahan-video-dapat-membantu-konservasi-sungai  302
/en/blog/bagaimana-terjemahan-video-dapat-membantu-konservasi-sungai  /en/blog/how-video-translation-can-help-river-conservation  302
/news/videotranslatorai-translates-backroads-picture-masterpiece  /blog/videotranslatorai-translates-backroads-picture-masterpiece  302
/en/blog/videotranslatorai-translates-backroads-picture-masterpiece  /blog/videotranslatorai-translates-backroads-picture-masterpiece  302
/blog/videotranslatorai-translates-backroads-picture-masterpiece  /blog/videotranslatorai-menerjemahkan-backroads-picture-masterpiece-mengapa-terjemahan-film-penting  302
/en/blog/videotranslatorai-menerjemahkan-backroads-picture-masterpiece-mengapa-terjemahan-film-penting  /en/blog/videotranslatorai-translates-backroads-picture-masterpiece  302
/news/our-trusted-lingo-poster-was-accepted-at-afac-23  /blog/our-trusted-lingo-poster-was-accepted-at-afac-23  302
/en/blog/our-trusted-lingo-poster-was-accepted-at-afac-23  /blog/our-trusted-lingo-poster-was-accepted-at-afac-23  302
/news/video-translator-ai-and-global-humanistic-university-collaborate-to-revolutionize-ai-education  /blog/video-translator-ai-and-global-humanistic-university-collaborate-to-revolutionize-ai-education  302
/en/blog/video-translator-ai-and-global-humanistic-university-collaborate-to-revolutionize-ai-education  /blog/video-translator-ai-and-global-humanistic-university-collaborate-to-revolutionize-ai-education  302
/blog/video-translator-ai-and-global-humanistic-university-collaborate-to-revolutionize-ai-education  /blog/videotranslatorai-dan-global-humanistic-university-berkolaborasi-untuk-merevolusi-pendidikan-ai  302
/en/blog/videotranslatorai-dan-global-humanistic-university-berkolaborasi-untuk-merevolusi-pendidikan-ai  /en/blog/video-translator-ai-and-global-humanistic-university-collaborate-to-revolutionize-ai-education  302
/news/exploring-the-future-of-translation-at-uon-ai-and-its-transformative-impact  /blog/exploring-the-future-of-translation-at-uon-ai-and-its-transformative-impact  302
/en/blog/exploring-the-future-of-translation-at-uon-ai-and-its-transformative-impact  /blog/exploring-the-future-of-translation-at-uon-ai-and-its-transformative-impact  302
/news/bridging-languages-unleashing-global-potential-introducing-our-new-website-and-app  /blog/bridging-languages-unleashing-global-potential-introducing-our-new-website-and-app  302
/en/blog/bridging-languages-unleashing-global-potential-introducing-our-new-website-and-app  /blog/bridging-languages-unleashing-global-potential-introducing-our-new-website-and-app  302
/news/inclusive-and-effective-the-power-of-local-information-champions-in-emergency-services  /blog/inclusive-and-effective-the-power-of-local-information-champions-in-emergency-services  302
/en/blog/inclusive-and-effective-the-power-of-local-information-champions-in-emergency-services  /blog/inclusive-and-effective-the-power-of-local-information-champions-in-emergency-services  302
/blog/inclusive-and-effective-the-power-of-local-information-champions-in-emergency-services  /blog/inklusif-dan-efektif-kekuatan-juara-informasi-lokal-dalam-layanan-darurat  302
/en/blog/inklusif-dan-efektif-kekuatan-juara-informasi-lokal-dalam-layanan-darurat  /en/blog/inclusive-and-effective-the-power-of-local-information-champions-in-emergency-services  302
/news/embracing-resilience-our-journey-with-the-bushfire-commercialisation-fund  /blog/embracing-resilience-our-journey-with-the-bushfire-commercialisation-fund  302
/en/blog/embracing-resilience-our-journey-with-the-bushfire-commercialisation-fund  /blog/embracing-resilience-our-journey-with-the-bushfire-commercialisation-fund  302
/blog/embracing-resilience-our-journey-with-the-bushfire-commercialisation-fund  /blog/merangkul-ketahanan-perjalanan-kami-dengan-dana-komersialisasi-kebakaran-hutan-1  302
/en/blog/merangkul-ketahanan-perjalanan-kami-dengan-dana-komersialisasi-kebakaran-hutan-1  /en/blog/embracing-resilience-our-journey-with-the-bushfire-commercialisation-fund  302
/news/reflecting-on-2022-and-wishing-you-a-happy-new-year-2023  /blog/reflecting-on-2022-and-wishing-you-a-happy-new-year-2023  302
/en/blog/reflecting-on-2022-and-wishing-you-a-happy-new-year-2023  /blog/reflecting-on-2022-and-wishing-you-a-happy-new-year-2023  302
/news/what-is-emdg-telling-us-about-australian-exporters  /blog/what-is-emdg-telling-us-about-australian-exporters  302
/en/blog/what-is-emdg-telling-us-about-australian-exporters  /blog/what-is-emdg-telling-us-about-australian-exporters  302
/news/trusted-lingo-a-new-approach-to-cald-communications  /blog/trusted-lingo-a-new-approach-to-cald-communications  302
/en/blog/trusted-lingo-a-new-approach-to-cald-communications  /blog/trusted-lingo-a-new-approach-to-cald-communications  302
/blog/trusted-lingo-a-new-approach-to-cald-communications  /blog/trusted-lingo-langkah-baru-untuk-komunikasi-multilingual  302
/en/blog/trusted-lingo-langkah-baru-untuk-komunikasi-multilingual  /en/blog/trusted-lingo-a-new-approach-to-cald-communications  302
/news/videotranslatorai-new-branding  /blog/videotranslatorai-new-branding  302
/en/blog/videotranslatorai-new-branding  /blog/videotranslatorai-new-branding  302
/news/videotranslatorai-helps-multicultural-communities-in-emergencies  /blog/videotranslatorai-helps-multicultural-communities-in-emergencies  302
/en/blog/videotranslatorai-helps-multicultural-communities-in-emergencies  /blog/videotranslatorai-helps-multicultural-communities-in-emergencies  302
/news/participating-in-nsw-small-business-month  /blog/participating-in-nsw-small-business-month  302
/en/blog/participating-in-nsw-small-business-month  /blog/participating-in-nsw-small-business-month  302
/news/we-are-now-a-microsoft-partner  /blog/we-are-now-a-microsoft-partner  302
/en/blog/we-are-now-a-microsoft-partner  /blog/we-are-now-a-microsoft-partner  302
/news/flag-monkey-goes-swedish  /blog/flag-monkey-goes-swedish  302
/en/blog/flag-monkey-goes-swedish  /blog/flag-monkey-goes-swedish  302
/news/we-just-completed-csiro-innovate-to-grow-program  /blog/we-just-completed-csiro-innovate-to-grow-program  302
/en/blog/we-just-completed-csiro-innovate-to-grow-program  /blog/we-just-completed-csiro-innovate-to-grow-program  302
/news/is-your-ai-talking-back-the-cio-show  /blog/is-your-ai-talking-back-the-cio-show  302
/en/blog/is-your-ai-talking-back-the-cio-show  /blog/is-your-ai-talking-back-the-cio-show  302
/news/how-to-find-pre-product-market-fit-for-startups  /blog/how-to-find-pre-product-market-fit-for-startups  302
/en/blog/how-to-find-pre-product-market-fit-for-startups  /blog/how-to-find-pre-product-market-fit-for-startups  302
/news/how-to-use-an-ai-assurance-framework  /blog/how-to-use-an-ai-assurance-framework  302
/en/blog/how-to-use-an-ai-assurance-framework  /blog/how-to-use-an-ai-assurance-framework  302
/news/videotranslator-is-retiring-our-existing-app  /blog/videotranslator-is-retiring-our-existing-app  302
/en/blog/videotranslator-is-retiring-our-existing-app  /blog/videotranslator-is-retiring-our-existing-app  302
/news/what-enterprises-need-to-know-about-video-transcription  /blog/what-enterprises-need-to-know-about-video-transcription  302
/en/blog/what-enterprises-need-to-know-about-video-transcription  /blog/what-enterprises-need-to-know-about-video-transcription  302
/news/what-team-vt-is-planning-in-2022  /blog/what-team-vt-is-planning-in-2022  302
/en/blog/what-team-vt-is-planning-in-2022  /blog/what-team-vt-is-planning-in-2022  302
/news/what-team-videotranslator-did-in-2021  /blog/what-team-videotranslator-did-in-2021  302
/en/blog/what-team-videotranslator-did-in-2021  /blog/what-team-videotranslator-did-in-2021  302
/news/merry-christmas-2021  /blog/merry-christmas-2021  302
/en/blog/merry-christmas-2021  /blog/merry-christmas-2021  302
/news/what-makes-translation-so-difficult  /blog/what-makes-translation-so-difficult  302
/en/blog/what-makes-translation-so-difficult  /blog/what-makes-translation-so-difficult  302
/blog/what-makes-translation-so-difficult  /blog/apa-yang-membuat-penerjemahan-menjadi-sulit  302
/en/blog/apa-yang-membuat-penerjemahan-menjadi-sulit  /en/blog/what-makes-translation-so-difficult  302
/news/translate-your-videos-to-spanish  /blog/translate-your-videos-to-spanish  302
/en/blog/translate-your-videos-to-spanish  /blog/translate-your-videos-to-spanish  302
/news/best-font-colours-for-subtitles  /blog/best-font-colours-for-subtitles  302
/en/blog/best-font-colours-for-subtitles  /blog/best-font-colours-for-subtitles  302
/news/translate-your-videos-to-mandarin  /blog/translate-your-videos-to-mandarin  302
/en/blog/translate-your-videos-to-mandarin  /blog/translate-your-videos-to-mandarin  302
/news/add-music-to-your-video  /blog/add-music-to-your-video  302
/en/blog/add-music-to-your-video  /blog/add-music-to-your-video  302
/news/translate-your-videos-to-bahasa-indonesia  /blog/translate-your-videos-to-bahasa-indonesia  302
/en/blog/translate-your-videos-to-bahasa-indonesia  /blog/translate-your-videos-to-bahasa-indonesia  302
/news/7-ways-to-remove-audio-from-video  /blog/7-ways-to-remove-audio-from-video  302
/en/blog/7-ways-to-remove-audio-from-video  /blog/7-ways-to-remove-audio-from-video  302
/news/videos-are-more-effective  /blog/videos-are-more-effective  302
/en/blog/videos-are-more-effective  /blog/videos-are-more-effective  302
/news/how-to-optimise-your-video-seo  /blog/how-to-optimise-your-video-seo  302
/en/blog/how-to-optimise-your-video-seo  /blog/how-to-optimise-your-video-seo  302
/news/10-hard-to-translate-indonesian-words  /blog/10-hard-to-translate-indonesian-words  302
/en/blog/10-hard-to-translate-indonesian-words  /blog/10-hard-to-translate-indonesian-words  302
/news/countries-with-the-most-official-languages  /blog/countries-with-the-most-official-languages  302
/en/blog/countries-with-the-most-official-languages  /blog/countries-with-the-most-official-languages  302
/news/easy-premiere-pro-effects  /blog/easy-premiere-pro-effects  302
/en/blog/easy-premiere-pro-effects  /blog/easy-premiere-pro-effects  302
/news/how-to-change-video-background  /blog/how-to-change-video-background  302
/en/blog/how-to-change-video-background  /blog/how-to-change-video-background  302
/news/5-ways-to-screen-record  /blog/5-ways-to-screen-record  302
/en/blog/5-ways-to-screen-record  /blog/5-ways-to-screen-record  302
/news/4-easy-ways-to-convert-your-video-to-mp3  /blog/4-easy-ways-to-convert-your-video-to-mp3  302
/en/blog/4-easy-ways-to-convert-your-video-to-mp3  /blog/4-easy-ways-to-convert-your-video-to-mp3  302
/news/how-to-create-watermark-for-youtube-videos  /blog/how-to-create-watermark-for-youtube-videos  302
/en/blog/how-to-create-watermark-for-youtube-videos  /blog/how-to-create-watermark-for-youtube-videos  302
/news/multiple-ways-to-transcribe-your-audio  /blog/multiple-ways-to-transcribe-your-audio  302
/en/blog/multiple-ways-to-transcribe-your-audio  /blog/multiple-ways-to-transcribe-your-audio  302
/news/how-to-create-burned-in-subtitles  /blog/how-to-create-burned-in-subtitles  302
/en/blog/how-to-create-burned-in-subtitles  /blog/how-to-create-burned-in-subtitles  302
/news/how-to-add-text-in-adobe-premiere-pro  /blog/how-to-add-text-in-adobe-premiere-pro  302
/en/blog/how-to-add-text-in-adobe-premiere-pro  /blog/how-to-add-text-in-adobe-premiere-pro  302
/news/multiple-ways-to-translate-your-youtube-subtitles  /blog/multiple-ways-to-translate-your-youtube-subtitles  302
/en/blog/multiple-ways-to-translate-your-youtube-subtitles  /blog/multiple-ways-to-translate-your-youtube-subtitles  302
/news/reviewing-vixer-video-editor-on-iphone  /blog/reviewing-vixer-video-editor-on-iphone  302
/en/blog/reviewing-vixer-video-editor-on-iphone  /blog/reviewing-vixer-video-editor-on-iphone  302
/news/thank-you  /blog/thank-you  302
/en/blog/thank-you  /blog/thank-you  302
/news/reduce-background-noise  /blog/reduce-background-noise  302
/en/blog/reduce-background-noise  /blog/reduce-background-noise  302
/news/enhance-your-videos-with-these-canva-tips  /blog/enhance-your-videos-with-these-canva-tips  302
/en/blog/enhance-your-videos-with-these-canva-tips  /blog/enhance-your-videos-with-these-canva-tips  302
/news/tambah-subtitle-youtube-facebook-linkedin  /blog/tambah-subtitle-youtube-facebook-linkedin  302
/en/blog/tambah-subtitle-youtube-facebook-linkedin  /blog/tambah-subtitle-youtube-facebook-linkedin  302
/news/import-and-edit-srt-file-to-adobe-premiere-pro-  /blog/import-and-edit-srt-file-to-adobe-premiere-pro-  302
/en/blog/import-and-edit-srt-file-to-adobe-premiere-pro-  /blog/import-and-edit-srt-file-to-adobe-premiere-pro-  302
/news/our-team-is-growing-welcome-tessa-james-and-yuriy  /blog/our-team-is-growing-welcome-tessa-james-and-yuriy  302
/en/blog/our-team-is-growing-welcome-tessa-james-and-yuriy  /blog/our-team-is-growing-welcome-tessa-james-and-yuriy  302
/news/reviewing-splice-video-editor-on-iphone  /blog/reviewing-splice-video-editor-on-iphone  302
/en/blog/reviewing-splice-video-editor-on-iphone  /blog/reviewing-splice-video-editor-on-iphone  302
/news/leaving-a-long-lasting-legacy-by-curating-your-familys-history  /blog/leaving-a-long-lasting-legacy-by-curating-your-familys-history  302
/en/blog/leaving-a-long-lasting-legacy-by-curating-your-familys-history  /blog/leaving-a-long-lasting-legacy-by-curating-your-familys-history  302
/blog/leaving-a-long-lasting-legacy-by-curating-your-familys-history  /blog/meninggalkan-warisan-jangka-panjang-mengurasi-sejarah-keluarga-anda  302
/en/blog/meninggalkan-warisan-jangka-panjang-mengurasi-sejarah-keluarga-anda  /en/blog/leaving-a-long-lasting-legacy-by-curating-your-familys-history  302
/news/latest-news-in-the-translation-technology-industry  /blog/latest-news-in-the-translation-technology-industry  302
/en/blog/latest-news-in-the-translation-technology-industry  /blog/latest-news-in-the-translation-technology-industry  302
/news/the-8-best-short-video-apps-android-2021  /blog/the-8-best-short-video-apps-android-2021  302
/en/blog/the-8-best-short-video-apps-android-2021  /blog/the-8-best-short-video-apps-android-2021  302
/news/what-does-a-video-translation-partnership-look-like  /blog/what-does-a-video-translation-partnership-look-like  302
/en/blog/what-does-a-video-translation-partnership-look-like  /blog/what-does-a-video-translation-partnership-look-like  302
/news/9-of-ios-top-video-editing-apps-2021  /blog/9-of-ios-top-video-editing-apps-2021  302
/en/blog/9-of-ios-top-video-editing-apps-2021  /blog/9-of-ios-top-video-editing-apps-2021  302
/news/which-dialect-to-choose  /blog/which-dialect-to-choose  302
/en/blog/which-dialect-to-choose  /blog/which-dialect-to-choose  302
/news/10-tiktok-content-ideas  /blog/10-tiktok-content-ideas  302
/en/blog/10-tiktok-content-ideas  /blog/10-tiktok-content-ideas  302
/news/10-tips-to-learn-a-new-language  /blog/10-tips-to-learn-a-new-language  302
/en/blog/10-tips-to-learn-a-new-language  /blog/10-tips-to-learn-a-new-language  302
/news/the-importance-of-learning-a-foreign-language  /blog/the-importance-of-learning-a-foreign-language  302
/en/blog/the-importance-of-learning-a-foreign-language  /blog/the-importance-of-learning-a-foreign-language  302
/news/why-you-should-use-ai-powered-translator  /blog/why-you-should-use-ai-powered-translator  302
/en/blog/why-you-should-use-ai-powered-translator  /blog/why-you-should-use-ai-powered-translator  302
/news/how-to-conveniently-translate-your-videos  /blog/how-to-conveniently-translate-your-videos  302
/en/blog/how-to-conveniently-translate-your-videos  /blog/how-to-conveniently-translate-your-videos  302
/news/what-is-next-for-video-translator  /blog/what-is-next-for-video-translator  302
/en/blog/what-is-next-for-video-translator  /blog/what-is-next-for-video-translator  302
/news/year-in-review-2020-may-you-live-in-interesting-times  /blog/year-in-review-2020-may-you-live-in-interesting-times  302
/en/blog/year-in-review-2020-may-you-live-in-interesting-times  /blog/year-in-review-2020-may-you-live-in-interesting-times  302
/news/merry-christmas-2020-thank-you-from-video-translator  /blog/merry-christmas-2020-thank-you-from-video-translator  302
/en/blog/merry-christmas-2020-thank-you-from-video-translator  /blog/merry-christmas-2020-thank-you-from-video-translator  302
/news/why-you-should-translate-video-content-a-client-perspective  /blog/why-you-should-translate-video-content-a-client-perspective  302
/en/blog/why-you-should-translate-video-content-a-client-perspective  /blog/why-you-should-translate-video-content-a-client-perspective  302
/news/the-implications-of-ai-adoption-in-our-tools  /blog/the-implications-of-ai-adoption-in-our-tools  302
/en/blog/the-implications-of-ai-adoption-in-our-tools  /blog/the-implications-of-ai-adoption-in-our-tools  302
/news/how-nsw-heath-is-using-video-translation-to-empower-occupational-therapists  /blog/how-nsw-heath-is-using-video-translation-to-empower-occupational-therapists  302
/en/blog/how-nsw-heath-is-using-video-translation-to-empower-occupational-therapists  /blog/how-nsw-heath-is-using-video-translation-to-empower-occupational-therapists  302
/news/why-youtube-stopped-community-caption-contributions  /blog/why-youtube-stopped-community-caption-contributions  302
/en/blog/why-youtube-stopped-community-caption-contributions  /blog/why-youtube-stopped-community-caption-contributions  302
/news/how-vyasa-university-is-fighting-covid-with-video-translation  /blog/how-vyasa-university-is-fighting-covid-with-video-translation  302
/en/blog/how-vyasa-university-is-fighting-covid-with-video-translation  /blog/how-vyasa-university-is-fighting-covid-with-video-translation  302
/blog/how-vyasa-university-is-fighting-covid-with-video-translation  /blog/bagaimana-universitas-vyasa-melawan-covid-dengan-terjemahan-video  302
/en/blog/bagaimana-universitas-vyasa-melawan-covid-dengan-terjemahan-video  /en/blog/how-vyasa-university-is-fighting-covid-with-video-translation  302
/news/how-qachef-is-reaching-clients-in-a-tough-market  /blog/how-qachef-is-reaching-clients-in-a-tough-market  302
/en/blog/how-qachef-is-reaching-clients-in-a-tough-market  /blog/how-qachef-is-reaching-clients-in-a-tough-market  302
/blog/how-qachef-is-reaching-clients-in-a-tough-market  /blog/bagaimana-qa-chef-menjangkau-klien-di-pasar-yang-sulit  302
/en/blog/bagaimana-qa-chef-menjangkau-klien-di-pasar-yang-sulit  /en/blog/how-qachef-is-reaching-clients-in-a-tough-market  302
/news/video-translation-and-its-implications-for-firetech  /blog/video-translation-and-its-implications-for-firetech  302
/en/blog/video-translation-and-its-implications-for-firetech  /blog/video-translation-and-its-implications-for-firetech  302
/news/ai-internationalization-how-subtitling-can-boost-roi  /blog/ai-internationalization-how-subtitling-can-boost-roi  302
/en/blog/ai-internationalization-how-subtitling-can-boost-roi  /blog/ai-internationalization-how-subtitling-can-boost-roi  302
/news/ai-localisation-help-me-help-you  /blog/ai-localisation-help-me-help-you  302
/en/blog/ai-localisation-help-me-help-you  /blog/ai-localisation-help-me-help-you  302
/news/video-seo-keywords-titles-descriptions-and-the-transcript  /blog/video-seo-keywords-titles-descriptions-and-the-transcript  302
/en/blog/video-seo-keywords-titles-descriptions-and-the-transcript  /blog/video-seo-keywords-titles-descriptions-and-the-transcript  302
/news/how-to-do-video-seo-right  /blog/how-to-do-video-seo-right  302
/en/blog/how-to-do-video-seo-right  /blog/how-to-do-video-seo-right  302
/news/video-series-how-to-quickly-transcribe-your-video  /blog/video-series-how-to-quickly-transcribe-your-video  302
/en/blog/video-series-how-to-quickly-transcribe-your-video  /blog/video-series-how-to-quickly-transcribe-your-video  302
/news/a-step-by-step-guide-to-translating-your-first-video  /blog/a-step-by-step-guide-to-translating-your-first-video  302
/en/blog/a-step-by-step-guide-to-translating-your-first-video  /blog/a-step-by-step-guide-to-translating-your-first-video  302
/news/a-little-positivity  /blog/a-little-positivity  302
/en/blog/a-little-positivity  /blog/a-little-positivity  302
/news/what-is-the-best-subtitling-software-available  /blog/what-is-the-best-subtitling-software-available  302
/en/blog/what-is-the-best-subtitling-software-available  /blog/what-is-the-best-subtitling-software-available  302
/news/how-safe-is-ai-transcription-what-you-need-to-know  /blog/how-safe-is-ai-transcription-what-you-need-to-know  302
/en/blog/how-safe-is-ai-transcription-what-you-need-to-know  /blog/how-safe-is-ai-transcription-what-you-need-to-know  302
/news/translate-your-english-video-to-filipino-and-chinese  /blog/translate-your-english-video-to-filipino-and-chinese  302
/en/blog/translate-your-english-video-to-filipino-and-chinese  /blog/translate-your-english-video-to-filipino-and-chinese  302
/news/how-to-translate-youtube-videos-and-dominate-seo  /blog/how-to-translate-youtube-videos-and-dominate-seo  302
/en/blog/how-to-translate-youtube-videos-and-dominate-seo  /blog/how-to-translate-youtube-videos-and-dominate-seo  302
/news/the-girls-and-women-revitalising-canadas-indigenous-languages  /blog/the-girls-and-women-revitalising-canadas-indigenous-languages  302
/en/blog/the-girls-and-women-revitalising-canadas-indigenous-languages  /blog/the-girls-and-women-revitalising-canadas-indigenous-languages  302
/news/clipping-chinese-app-how-to-translate-video-into-mandarin-chinese-with-ai  /blog/clipping-chinese-app-how-to-translate-video-into-mandarin-chinese-with-ai  302
/en/blog/clipping-chinese-app-how-to-translate-video-into-mandarin-chinese-with-ai  /blog/clipping-chinese-app-how-to-translate-video-into-mandarin-chinese-with-ai  302
/news/fighting-the-coronavirus-and-e-coli-with-machine-learning  /blog/fighting-the-coronavirus-and-e-coli-with-machine-learning  302
/en/blog/fighting-the-coronavirus-and-e-coli-with-machine-learning  /blog/fighting-the-coronavirus-and-e-coli-with-machine-learning  302
/news/how-ai-transcription-fails-and-what-to-do-about-it  /blog/how-ai-transcription-fails-and-what-to-do-about-it  302
/en/blog/how-ai-transcription-fails-and-what-to-do-about-it  /blog/how-ai-transcription-fails-and-what-to-do-about-it  302
/news/how-ai-dubbing-will-change-everything  /blog/how-ai-dubbing-will-change-everything  302
/en/blog/how-ai-dubbing-will-change-everything  /blog/how-ai-dubbing-will-change-everything  302
/news/one-igbo-woman-trying-to-save-her-language  /blog/one-igbo-woman-trying-to-save-her-language  302
/en/blog/one-igbo-woman-trying-to-save-her-language  /blog/one-igbo-woman-trying-to-save-her-language  302
/news/how-to-reach-gen-z-using-ai  /blog/how-to-reach-gen-z-using-ai  302
/en/blog/how-to-reach-gen-z-using-ai  /blog/how-to-reach-gen-z-using-ai  302
/news/ai-and-wildlife-preservation  /blog/ai-and-wildlife-preservation  302
/en/blog/ai-and-wildlife-preservation  /blog/ai-and-wildlife-preservation  302
/news/clients-why-you-make-me-blush  /blog/clients-why-you-make-me-blush  302
/en/blog/clients-why-you-make-me-blush  /blog/clients-why-you-make-me-blush  302
/news/speaking-in-the-mother-tongue-ai-indian-languages  /blog/speaking-in-the-mother-tongue-ai-indian-languages  302
/en/blog/speaking-in-the-mother-tongue-ai-indian-languages  /blog/speaking-in-the-mother-tongue-ai-indian-languages  302
/news/accessibility-why-it-matters-and-how-to-avoid-being-sued  /blog/accessibility-why-it-matters-and-how-to-avoid-being-sued  302
/en/blog/accessibility-why-it-matters-and-how-to-avoid-being-sued  /blog/accessibility-why-it-matters-and-how-to-avoid-being-sued  302
/news/on-the-brink-of-extinction  /blog/on-the-brink-of-extinction  302
/en/blog/on-the-brink-of-extinction  /blog/on-the-brink-of-extinction  302
/news/sign-languages-their-past-present-and-future  /blog/sign-languages-their-past-present-and-future  302
/en/blog/sign-languages-their-past-present-and-future  /blog/sign-languages-their-past-present-and-future  302
/news/quick-transcribe-for-when-you-need-to-get-transcription-done-quickly  /blog/quick-transcribe-for-when-you-need-to-get-transcription-done-quickly  302
/en/blog/quick-transcribe-for-when-you-need-to-get-transcription-done-quickly  /blog/quick-transcribe-for-when-you-need-to-get-transcription-done-quickly  302
/news/one-place-many-languages  /blog/one-place-many-languages  302
/en/blog/one-place-many-languages  /blog/one-place-many-languages  302
/news/mr-shithole-what-to-do-when-your-ai-misbehaves  /blog/mr-shithole-what-to-do-when-your-ai-misbehaves  302
/en/blog/mr-shithole-what-to-do-when-your-ai-misbehaves  /blog/mr-shithole-what-to-do-when-your-ai-misbehaves  302
/news/what-arabic-voices-are-available  /blog/what-arabic-voices-are-available  302
/en/blog/what-arabic-voices-are-available  /blog/what-arabic-voices-are-available  302
/news/extra-extra-read-all-about-it  /blog/extra-extra-read-all-about-it  302
/en/blog/extra-extra-read-all-about-it  /blog/extra-extra-read-all-about-it  302
/news/where-are-we-heading-with-ai-computing-in-the-2020s-and-how-human-can-they-really-become  /blog/where-are-we-heading-with-ai-computing-in-the-2020s-and-how-human-can-they-really-become  302
/en/blog/where-are-we-heading-with-ai-computing-in-the-2020s-and-how-human-can-they-really-become  /blog/where-are-we-heading-with-ai-computing-in-the-2020s-and-how-human-can-they-really-become  302
/news/patch-notes-january-2020  /blog/patch-notes-january-2020  302
/en/blog/patch-notes-january-2020  /blog/patch-notes-january-2020  302
/news/real-life-dr-dolittle-we-are-on-our-way-to-talking-to-the-animals-and-ai-may-make-happen-sooner-than-you-think  /blog/real-life-dr-dolittle-we-are-on-our-way-to-talking-to-the-animals-and-ai-may-make-happen-sooner-than-you-think  302
/en/blog/real-life-dr-dolittle-we-are-on-our-way-to-talking-to-the-animals-and-ai-may-make-happen-sooner-than-you-think  /blog/real-life-dr-dolittle-we-are-on-our-way-to-talking-to-the-animals-and-ai-may-make-happen-sooner-than-you-think  302
/news/3x-increase-in-transcription-efficiency  /blog/3x-increase-in-transcription-efficiency  302
/en/blog/3x-increase-in-transcription-efficiency  /blog/3x-increase-in-transcription-efficiency  302
/news/happy-new-year-2020  /blog/happy-new-year-2020  302
/en/blog/happy-new-year-2020  /blog/happy-new-year-2020  302
/news/happy-holidays-from-video-translator  /blog/happy-holidays-from-video-translator  302
/en/blog/happy-holidays-from-video-translator  /blog/happy-holidays-from-video-translator  302
/news/for-the-love-of-language  /blog/for-the-love-of-language  302
/en/blog/for-the-love-of-language  /blog/for-the-love-of-language  302
/news/an-old-language-feels-young-again  /blog/an-old-language-feels-young-again  302
/en/blog/an-old-language-feels-young-again  /blog/an-old-language-feels-young-again  302
/news/what-english-dialects-are-available  /blog/what-english-dialects-are-available  302
/en/blog/what-english-dialects-are-available  /blog/what-english-dialects-are-available  302
/news/exciting-developments-for-epilepsy-patients-amazon-has-added-22-new-languages-to-amazon-translate-and-do-children-have-the-ability-to-speak-to-reindeer  /blog/exciting-developments-for-epilepsy-patients-amazon-has-added-22-new-languages-to-amazon-translate-and-do-children-have-the-ability-to-speak-to-reindeer  302
/en/blog/exciting-developments-for-epilepsy-patients-amazon-has-added-22-new-languages-to-amazon-translate-and-do-children-have-the-ability-to-speak-to-reindeer  /blog/exciting-developments-for-epilepsy-patients-amazon-has-added-22-new-languages-to-amazon-translate-and-do-children-have-the-ability-to-speak-to-reindeer  302
/news/changes-in-the-internationalization-and-localization-industry  /blog/changes-in-the-internationalization-and-localization-industry  302
/en/blog/changes-in-the-internationalization-and-localization-industry  /blog/changes-in-the-internationalization-and-localization-industry  302
/news/60-of-the-content-produced-by-us-youtubers-is-watched--in-other-countries  /blog/60-of-the-content-produced-by-us-youtubers-is-watched--in-other-countries  302
/en/blog/60-of-the-content-produced-by-us-youtubers-is-watched--in-other-countries  /blog/60-of-the-content-produced-by-us-youtubers-is-watched--in-other-countries  302
/news/what-a-hindi-speaking-ai-sounds-like  /blog/what-a-hindi-speaking-ai-sounds-like  302
/en/blog/what-a-hindi-speaking-ai-sounds-like  /blog/what-a-hindi-speaking-ai-sounds-like  302
/news/hello-baby-machine-learning-helping-to-understand-placental-health-did-shakespeare-have-help-and-advances-in-health-and-medicine-thanks-to-ai  /blog/hello-baby-machine-learning-helping-to-understand-placental-health-did-shakespeare-have-help-and-advances-in-health-and-medicine-thanks-to-ai  302
/en/blog/hello-baby-machine-learning-helping-to-understand-placental-health-did-shakespeare-have-help-and-advances-in-health-and-medicine-thanks-to-ai  /blog/hello-baby-machine-learning-helping-to-understand-placental-health-did-shakespeare-have-help-and-advances-in-health-and-medicine-thanks-to-ai  302
/news/winning-how-we-won-a-jobsfornsw-mvp-grant  /blog/winning-how-we-won-a-jobsfornsw-mvp-grant  302
/en/blog/winning-how-we-won-a-jobsfornsw-mvp-grant  /blog/winning-how-we-won-a-jobsfornsw-mvp-grant  302
/news/open-captions-enhancements-november-2019  /blog/open-captions-enhancements-november-2019  302
/en/blog/open-captions-enhancements-november-2019  /blog/open-captions-enhancements-november-2019  302
/news/using-machine-learning-for-the-greater-good-advances-in-medicine-agriculture-and-saving-lives-is-there-anything-we-can-t-do-with-the-help-of-artificial-intelligence  /blog/using-machine-learning-for-the-greater-good-advances-in-medicine-agriculture-and-saving-lives-is-there-anything-we-can-t-do-with-the-help-of-artificial-intelligence  302
/en/blog/using-machine-learning-for-the-greater-good-advances-in-medicine-agriculture-and-saving-lives-is-there-anything-we-can-t-do-with-the-help-of-artificial-intelligence  /blog/using-machine-learning-for-the-greater-good-advances-in-medicine-agriculture-and-saving-lives-is-there-anything-we-can-t-do-with-the-help-of-artificial-intelligence  302
/news/transcribing-indian-english-a-simple-guide-to-using-ai-to-speed-up-transcription-and-add-open-captions  /blog/transcribing-indian-english-a-simple-guide-to-using-ai-to-speed-up-transcription-and-add-open-captions  302
/en/blog/transcribing-indian-english-a-simple-guide-to-using-ai-to-speed-up-transcription-and-add-open-captions  /blog/transcribing-indian-english-a-simple-guide-to-using-ai-to-speed-up-transcription-and-add-open-captions  302
/news/foreign-signs-installed-to-save-lives-when-seeing-isn-t-believing-learning-about-deepfake-videos-and-content-creators-coming-together-to-save-the-planet  /blog/foreign-signs-installed-to-save-lives-when-seeing-isn-t-believing-learning-about-deepfake-videos-and-content-creators-coming-together-to-save-the-planet  302
/en/blog/foreign-signs-installed-to-save-lives-when-seeing-isn-t-believing-learning-about-deepfake-videos-and-content-creators-coming-together-to-save-the-planet  /blog/foreign-signs-installed-to-save-lives-when-seeing-isn-t-believing-learning-about-deepfake-videos-and-content-creators-coming-together-to-save-the-planet  302
/news/google-s-latest-pixel-4-app-impresses-praise-for-nobel-prize-winner-and-a-feel-good-video-to-brighten-your-week  /blog/google-s-latest-pixel-4-app-impresses-praise-for-nobel-prize-winner-and-a-feel-good-video-to-brighten-your-week  302
/en/blog/google-s-latest-pixel-4-app-impresses-praise-for-nobel-prize-winner-and-a-feel-good-video-to-brighten-your-week  /blog/google-s-latest-pixel-4-app-impresses-praise-for-nobel-prize-winner-and-a-feel-good-video-to-brighten-your-week  302
/news/samples-from-a-voice-over-robot-french-german-and-dutch  /blog/samples-from-a-voice-over-robot-french-german-and-dutch  302
/en/blog/samples-from-a-voice-over-robot-french-german-and-dutch  /blog/samples-from-a-voice-over-robot-french-german-and-dutch  302
/news/ai-dubbing-what-different-dialects-of-english-sound-like  /blog/ai-dubbing-what-different-dialects-of-english-sound-like  302
/en/blog/ai-dubbing-what-different-dialects-of-english-sound-like  /blog/ai-dubbing-what-different-dialects-of-english-sound-like  302
/news/travelling-back-in-time-with-ai-learning-the-love-of-translation-and-why-it-is-imperative-to-get-more-interpreters-in-courthouses  /blog/travelling-back-in-time-with-ai-learning-the-love-of-translation-and-why-it-is-imperative-to-get-more-interpreters-in-courthouses  302
/en/blog/travelling-back-in-time-with-ai-learning-the-love-of-translation-and-why-it-is-imperative-to-get-more-interpreters-in-courthouses  /blog/travelling-back-in-time-with-ai-learning-the-love-of-translation-and-why-it-is-imperative-to-get-more-interpreters-in-courthouses  302
/news/ai-transcription-translation-and-dubbing-how-to-think-about-accuracy  /blog/ai-transcription-translation-and-dubbing-how-to-think-about-accuracy  302
/en/blog/ai-transcription-translation-and-dubbing-how-to-think-about-accuracy  /blog/ai-transcription-translation-and-dubbing-how-to-think-about-accuracy  302
/news/text-to-speech-ai-dubbing-and-what-you-can-do-with-it  /blog/text-to-speech-ai-dubbing-and-what-you-can-do-with-it  302
/en/blog/text-to-speech-ai-dubbing-and-what-you-can-do-with-it  /blog/text-to-speech-ai-dubbing-and-what-you-can-do-with-it  302
/news/babies-teaching-us-how-best-to-teach-ai-glasses-made-for-translation-and-keeping-an-eye-on-our-giant-fishy-friends-with-ai  /blog/babies-teaching-us-how-best-to-teach-ai-glasses-made-for-translation-and-keeping-an-eye-on-our-giant-fishy-friends-with-ai  302
/en/blog/babies-teaching-us-how-best-to-teach-ai-glasses-made-for-translation-and-keeping-an-eye-on-our-giant-fishy-friends-with-ai  /blog/babies-teaching-us-how-best-to-teach-ai-glasses-made-for-translation-and-keeping-an-eye-on-our-giant-fishy-friends-with-ai  302
/news/importance-of-open-captions  /blog/importance-of-open-captions  302
/en/blog/importance-of-open-captions  /blog/importance-of-open-captions  302
/news/translation-devices-changing-the-business-game-machine-learning-aiding-scientific-research-and-a-world-first-ai-concert  /blog/translation-devices-changing-the-business-game-machine-learning-aiding-scientific-research-and-a-world-first-ai-concert  302
/en/blog/translation-devices-changing-the-business-game-machine-learning-aiding-scientific-research-and-a-world-first-ai-concert  /blog/translation-devices-changing-the-business-game-machine-learning-aiding-scientific-research-and-a-world-first-ai-concert  302
/news/ai-is-here-to-help-translation-at-the-tip-of-your-ears-and-google-s-albert-is-receiving-top-ranks  /blog/ai-is-here-to-help-translation-at-the-tip-of-your-ears-and-google-s-albert-is-receiving-top-ranks  302
/en/blog/ai-is-here-to-help-translation-at-the-tip-of-your-ears-and-google-s-albert-is-receiving-top-ranks  /blog/ai-is-here-to-help-translation-at-the-tip-of-your-ears-and-google-s-albert-is-receiving-top-ranks  302
/news/patch-notes-september-2019  /blog/patch-notes-september-2019  302
/en/blog/patch-notes-september-2019  /blog/patch-notes-september-2019  302
/news/ai-tools-are-transforming-indian-healthcare-growth-in-the-translations-market-and-more  /blog/ai-tools-are-transforming-indian-healthcare-growth-in-the-translations-market-and-more  302
/en/blog/ai-tools-are-transforming-indian-healthcare-growth-in-the-translations-market-and-more  /blog/ai-tools-are-transforming-indian-healthcare-growth-in-the-translations-market-and-more  302
/news/whats-hot-in-short-video-apps-for-ios  /blog/whats-hot-in-short-video-apps-for-ios  302
/en/blog/whats-hot-in-short-video-apps-for-ios  /blog/whats-hot-in-short-video-apps-for-ios  302
/news/the-8-best-short-video-apps-for-android  /blog/the-8-best-short-video-apps-for-android  302
/en/blog/the-8-best-short-video-apps-for-android  /blog/the-8-best-short-video-apps-for-android  302
/news/9-of-chinas-best-short-video-apps  /blog/9-of-chinas-best-short-video-apps  302
/en/blog/9-of-chinas-best-short-video-apps  /blog/9-of-chinas-best-short-video-apps  302
/news/translating-your-video-from-english-to-french-a-step-by-step-guide  /blog/translating-your-video-from-english-to-french-a-step-by-step-guide  302
/en/blog/translating-your-video-from-english-to-french-a-step-by-step-guide  /blog/translating-your-video-from-english-to-french-a-step-by-step-guide  302
/news/why-post-video-to-social-media-3-tips  /blog/why-post-video-to-social-media-3-tips  302
/en/blog/why-post-video-to-social-media-3-tips  /blog/why-post-video-to-social-media-3-tips  302
/news/how-video-transcription-works-explainer  /blog/how-video-transcription-works-explainer  302
/en/blog/how-video-transcription-works-explainer  /blog/how-video-transcription-works-explainer  302
/news/subtitling-for-the-win  /blog/subtitling-for-the-win  302
/en/blog/subtitling-for-the-win  /blog/subtitling-for-the-win  302
/news/the-growing-pains-of-diversity-and-a-possible-solution  /blog/the-growing-pains-of-diversity-and-a-possible-solution  302
/en/blog/the-growing-pains-of-diversity-and-a-possible-solution  /blog/the-growing-pains-of-diversity-and-a-possible-solution  302
/news/how-we-used-seo-to-come-up-with-a-new-name  /blog/how-we-used-seo-to-come-up-with-a-new-name  302
/en/blog/how-we-used-seo-to-come-up-with-a-new-name  /blog/how-we-used-seo-to-come-up-with-a-new-name  302
/news/comparison-between-rev-dot-com-and-videotranslator-dot-ai  /blog/comparison-between-rev-dot-com-and-videotranslator-dot-ai  302
/en/blog/comparison-between-rev-dot-com-and-videotranslator-dot-ai  /blog/comparison-between-rev-dot-com-and-videotranslator-dot-ai  302
/news/how-do-i-make-subtitles-and-closed-captions  /blog/how-do-i-make-subtitles-and-closed-captions  302
/en/blog/how-do-i-make-subtitles-and-closed-captions  /blog/how-do-i-make-subtitles-and-closed-captions  302
/news/product-update-may-2019  /blog/product-update-may-2019  302
/en/blog/product-update-may-2019  /blog/product-update-may-2019  302
/news/patch-notes-may-2019  /blog/patch-notes-may-2019  302
/en/blog/patch-notes-may-2019  /blog/patch-notes-may-2019  302
/news/the-art-of-making-wax-hands-english-to-hindi-video-translation  /blog/the-art-of-making-wax-hands-english-to-hindi-video-translation  302
/en/blog/the-art-of-making-wax-hands-english-to-hindi-video-translation  /blog/the-art-of-making-wax-hands-english-to-hindi-video-translation  302
/news/a-nature-of-art-bangu-yilbara-collection-english-to-hindi-video-transcription-and-translation  /blog/a-nature-of-art-bangu-yilbara-collection-english-to-hindi-video-transcription-and-translation  302
/en/blog/a-nature-of-art-bangu-yilbara-collection-english-to-hindi-video-transcription-and-translation  /blog/a-nature-of-art-bangu-yilbara-collection-english-to-hindi-video-transcription-and-translation  302
/news/visual-guide-audio-to-text  /blog/visual-guide-audio-to-text  302
/en/blog/visual-guide-audio-to-text  /blog/visual-guide-audio-to-text  302
/news/a-journey-through-australian-fashion-english-to-hindi-video-transcription-and-translation  /blog/a-journey-through-australian-fashion-english-to-hindi-video-transcription-and-translation  302
/en/blog/a-journey-through-australian-fashion-english-to-hindi-video-transcription-and-translation  /blog/a-journey-through-australian-fashion-english-to-hindi-video-transcription-and-translation  302
/news/video-translation-from-english-to-hindi-a-convict-heritage  /blog/video-translation-from-english-to-hindi-a-convict-heritage  302
/en/blog/video-translation-from-english-to-hindi-a-convict-heritage  /blog/video-translation-from-english-to-hindi-a-convict-heritage  302
/news/visual-guide-free-trial-registration  /blog/visual-guide-free-trial-registration  302
/en/blog/visual-guide-free-trial-registration  /blog/visual-guide-free-trial-registration  302
/news/we-just-launched-and-we-need-luck  /blog/we-just-launched-and-we-need-luck  302
/en/blog/we-just-launched-and-we-need-luck  /blog/we-just-launched-and-we-need-luck  302
/news/how-to-use-auto-overlay-to-simplify-transcription  /blog/how-to-use-auto-overlay-to-simplify-transcription  302
/en/blog/how-to-use-auto-overlay-to-simplify-transcription  /blog/how-to-use-auto-overlay-to-simplify-transcription  302
/news/we-have-an-explainer-video  /blog/we-have-an-explainer-video  302
/en/blog/we-have-an-explainer-video  /blog/we-have-an-explainer-video  302
/news/how-to-reach-refugees-and-combat-people-smugglers-with-ai  /blog/how-to-reach-refugees-and-combat-people-smugglers-with-ai  302
/en/blog/how-to-reach-refugees-and-combat-people-smugglers-with-ai  /blog/how-to-reach-refugees-and-combat-people-smugglers-with-ai  302
/news/how-to-use-ai-to-save-lions-in-afrikaans  /blog/how-to-use-ai-to-save-lions-in-afrikaans  302
/en/blog/how-to-use-ai-to-save-lions-in-afrikaans  /blog/how-to-use-ai-to-save-lions-in-afrikaans  302
/news/how-to-transcribe-lots-of-different-accents-accurately  /blog/how-to-transcribe-lots-of-different-accents-accurately  302
/en/blog/how-to-transcribe-lots-of-different-accents-accurately  /blog/how-to-transcribe-lots-of-different-accents-accurately  302
/news/how-to-get-the-most-out-of-your-ai-english-to-hindi-video-translation  /blog/how-to-get-the-most-out-of-your-ai-english-to-hindi-video-translation  302
/en/blog/how-to-get-the-most-out-of-your-ai-english-to-hindi-video-translation  /blog/how-to-get-the-most-out-of-your-ai-english-to-hindi-video-translation  302
/news/how-to-transcribe-english-into-hebrew-changeplan  /blog/how-to-transcribe-english-into-hebrew-changeplan  302
/en/blog/how-to-transcribe-english-into-hebrew-changeplan  /blog/how-to-transcribe-english-into-hebrew-changeplan  302
/news/social-media-guide-to-video-linkedin-tumblr-pinterest-youku  /blog/social-media-guide-to-video-linkedin-tumblr-pinterest-youku  302
/en/blog/social-media-guide-to-video-linkedin-tumblr-pinterest-youku  /blog/social-media-guide-to-video-linkedin-tumblr-pinterest-youku  302
/news/social-media-guide-to-video-facebook-twitter-instagram-igtv-twitter-youtube  /blog/social-media-guide-to-video-facebook-twitter-instagram-igtv-twitter-youtube  302
/en/blog/social-media-guide-to-video-facebook-twitter-instagram-igtv-twitter-youtube  /blog/social-media-guide-to-video-facebook-twitter-instagram-igtv-twitter-youtube  302
/news/how-to-add-a-forum-to-your-website  /blog/how-to-add-a-forum-to-your-website  302
/en/blog/how-to-add-a-forum-to-your-website  /blog/how-to-add-a-forum-to-your-website  302
/news/how-deepmind-just-beat-team-liquid-at-starcraft-ii  /blog/how-deepmind-just-beat-team-liquid-at-starcraft-ii  302
/en/blog/how-deepmind-just-beat-team-liquid-at-starcraft-ii  /blog/how-deepmind-just-beat-team-liquid-at-starcraft-ii  302
/news/how-to-transcribe-a-foreign-language  /blog/how-to-transcribe-a-foreign-language  302
/en/blog/how-to-transcribe-a-foreign-language  /blog/how-to-transcribe-a-foreign-language  302
/news/tutorial-how-to-manage-your-account  /blog/tutorial-how-to-manage-your-account  302
/en/blog/tutorial-how-to-manage-your-account  /blog/tutorial-how-to-manage-your-account  302
/news/multi-lingual-forms-what-black-magic-is-this  /blog/multi-lingual-forms-what-black-magic-is-this  302
/en/blog/multi-lingual-forms-what-black-magic-is-this  /blog/multi-lingual-forms-what-black-magic-is-this  302
/news/english-to-german-video-translation-what-is-a-babybundel  /blog/english-to-german-video-translation-what-is-a-babybundel  302
/en/blog/english-to-german-video-translation-what-is-a-babybundel  /blog/english-to-german-video-translation-what-is-a-babybundel  302
/news/more-text-to-speech-transcription  /blog/more-text-to-speech-transcription  302
/en/blog/more-text-to-speech-transcription  /blog/more-text-to-speech-transcription  302
/news/what-languages-are-available  /blog/what-languages-are-available  302
/en/blog/what-languages-are-available  /blog/what-languages-are-available  302
/news/happy-new-year  /blog/happy-new-year  302
/en/blog/happy-new-year  /blog/happy-new-year  302
/news/tutorial-how-to-add-languages  /blog/tutorial-how-to-add-languages  302
/en/blog/tutorial-how-to-add-languages  /blog/tutorial-how-to-add-languages  302
/news/tutorial-how-to-translate-a-video-without-sound  /blog/tutorial-how-to-translate-a-video-without-sound  302
/en/blog/tutorial-how-to-translate-a-video-without-sound  /blog/tutorial-how-to-translate-a-video-without-sound  302
/news/welcome-to-video-translator  /blog/welcome-to-video-translator  302
/en/blog/welcome-to-video-translator  /blog/welcome-to-video-translator  302
/news/tutorial-how-to-transcribe-a-video  /blog/tutorial-how-to-transcribe-a-video  302
/en/blog/tutorial-how-to-transcribe-a-video  /blog/tutorial-how-to-transcribe-a-video  302
/news/what-are-the-benefits-of-using-professional-translators  /blog/what-are-the-benefits-of-using-professional-translators  302
/en/blog/what-are-the-benefits-of-using-professional-translators  /blog/what-are-the-benefits-of-using-professional-translators  302
/news/tutorial-how-to-sign-up  /blog/tutorial-how-to-sign-up  302
/en/blog/tutorial-how-to-sign-up  /blog/tutorial-how-to-sign-up  302
/news/solutions  /blog/solutions  302
/en/blog/solutions  /blog/solutions  302
/news/reviewing-vimeo-create-on-android-phone  /blog/reviewing-vimeo-create-on-android-phone  302
/en/blog/reviewing-vimeo-create-on-android-phone  /blog/reviewing-vimeo-create-on-android-phone  302
/news/transcripcion-y-traduccion-de-videos-de-espanol-a-ingles  /es/blog/transcripcion-y-traduccion-de-videos-de-espanol-a-ingles  302
/es/es/blog/transcripcion-y-traduccion-de-videos-de-espanol-a-ingles  /es/blog/transcripcion-y-traduccion-de-videos-de-espanol-a-ingles  302
/news/transcripcion-y-traduccion-de-videos-de-ingles-a-espanol  /es/blog/transcripcion-y-traduccion-de-videos-de-ingles-a-espanol  302
/es/es/blog/transcripcion-y-traduccion-de-videos-de-ingles-a-espanol  /es/blog/transcripcion-y-traduccion-de-videos-de-ingles-a-espanol  302
/news/hand-craft-of-wax-translated-videos-in-english-in-hindi-hi  /hi/blog/hand-craft-of-wax-translated-videos-in-english-in-hindi-hi  302
/hi/hi/blog/hand-craft-of-wax-translated-videos-in-english-in-hindi-hi  /hi/blog/hand-craft-of-wax-translated-videos-in-english-in-hindi-hi  302
/news/the-art-of-a-nature-bangu-yilbara-collection-english-to-hindi-video-transcription-and-translation-hi  /hi/blog/the-art-of-a-nature-bangu-yilbara-collection-english-to-hindi-video-transcription-and-translation-hi  302
/hi/hi/blog/the-art-of-a-nature-bangu-yilbara-collection-english-to-hindi-video-transcription-and-translation-hi  /hi/blog/the-art-of-a-nature-bangu-yilbara-collection-english-to-hindi-video-transcription-and-translation-hi  302
/news/a-journey-through-australian-fashion-video-transcript-and-translation-from-english-to-hindi-hi  /hi/blog/a-journey-through-australian-fashion-video-transcript-and-translation-from-english-to-hindi-hi  302
/hi/hi/blog/a-journey-through-australian-fashion-video-transcript-and-translation-from-english-to-hindi-hi  /hi/blog/a-journey-through-australian-fashion-video-transcript-and-translation-from-english-to-hindi-hi  302
/news/video-translated-from-english-to-hindi-a-convicts-heritage-hi  /hi/blog/video-translated-from-english-to-hindi-a-convicts-heritage-hi  302
/hi/hi/blog/video-translated-from-english-to-hindi-a-convicts-heritage-hi  /hi/blog/video-translated-from-english-to-hindi-a-convicts-heritage-hi  302
/news/mengungkap-tren-tiktok-tahun-2024-dari-grwm-hingga-inovasi-ai  /id/blog/mengungkap-tren-tiktok-tahun-2024-dari-grwm-hingga-inovasi-ai  302
/id/id/blog/mengungkap-tren-tiktok-tahun-2024-dari-grwm-hingga-inovasi-ai  /id/blog/mengungkap-tren-tiktok-tahun-2024-dari-grwm-hingga-inovasi-ai  302
/blog/mengungkap-tren-tiktok-tahun-2024-dari-grwm-hingga-inovasi-ai  /blog/unveiling-the-tiktok-trends-of-2024-from-grwm-to-ai-innovations  302
/id/blog/unveiling-the-tiktok-trends-of-2024-from-grwm-to-ai-innovations  /id/blog/mengungkap-tren-tiktok-tahun-2024-dari-grwm-hingga-inovasi-ai  302
/news/bangkitnya-musik-buatan-ai-hits-viral-dan-perdebatan-yang-berlangsung  /id/blog/bangkitnya-musik-buatan-ai-hits-viral-dan-perdebatan-yang-berlangsung  302
/id/id/blog/bangkitnya-musik-buatan-ai-hits-viral-dan-perdebatan-yang-berlangsung  /id/blog/bangkitnya-musik-buatan-ai-hits-viral-dan-perdebatan-yang-berlangsung  302
/blog/bangkitnya-musik-buatan-ai-hits-viral-dan-perdebatan-yang-berlangsung  /blog/the-rise-of-ai-generated-music-viral-hits-and-ongoing-debate  302
/id/blog/the-rise-of-ai-generated-music-viral-hits-and-ongoing-debate  /id/blog/bangkitnya-musik-buatan-ai-hits-viral-dan-perdebatan-yang-berlangsung  302
/news/cara-membuat-subtitle-permanen-dengan-adobe-premiere-pro-2024  /id/blog/cara-membuat-subtitle-permanen-dengan-adobe-premiere-pro-2024  302
/id/id/blog/cara-membuat-subtitle-permanen-dengan-adobe-premiere-pro-2024  /id/blog/cara-membuat-subtitle-permanen-dengan-adobe-premiere-pro-2024  302
/blog/cara-membuat-subtitle-permanen-dengan-adobe-premiere-pro-2024  /blog/how-to-create-burned-in-subtitles-with-adobe-premiere-pro-2024  302
/id/blog/how-to-create-burned-in-subtitles-with-adobe-premiere-pro-2024  /id/blog/cara-membuat-subtitle-permanen-dengan-adobe-premiere-pro-2024  302
/news/cara-menambahkan-subtitle-ke-video-youtube  /id/blog/cara-menambahkan-subtitle-ke-video-youtube  302
/id/id/blog/cara-menambahkan-subtitle-ke-video-youtube  /id/blog/cara-menambahkan-subtitle-ke-video-youtube  302
/blog/cara-menambahkan-subtitle-ke-video-youtube  /blog/how-to-add-subtitles-to-youtube-videos  302
/id/blog/how-to-add-subtitles-to-youtube-videos  /id/blog/cara-menambahkan-subtitle-ke-video-youtube  302
/news/5-alat-penerjemah-terbaik-untuk-para-profesional-dan-pelajar  /id/blog/5-alat-penerjemah-terbaik-untuk-para-profesional-dan-pelajar  302
/id/id/blog/5-alat-penerjemah-terbaik-untuk-para-profesional-dan-pelajar  /id/blog/5-alat-penerjemah-terbaik-untuk-para-profesional-dan-pelajar  302
/blog/5-alat-penerjemah-terbaik-untuk-para-profesional-dan-pelajar  /blog/top-5-translation-tools-for-professionals-and-learners  302
/id/blog/top-5-translation-tools-for-professionals-and-learners  /id/blog/5-alat-penerjemah-terbaik-untuk-para-profesional-dan-pelajar  302
/news/mengoptimalkan-video-marketing-5-tips-agar-bisnismu-sukses-di-2024-2  /id/blog/mengoptimalkan-video-marketing-5-tips-agar-bisnismu-sukses-di-2024-2  302
/id/id/blog/mengoptimalkan-video-marketing-5-tips-agar-bisnismu-sukses-di-2024-2  /id/blog/mengoptimalkan-video-marketing-5-tips-agar-bisnismu-sukses-di-2024-2  302
/blog/mengoptimalkan-video-marketing-5-tips-agar-bisnismu-sukses-di-2024-2  /blog/maximizing-video-marketing-5-tips-for-a-successful-business-in-2024-1  302
/id/blog/maximizing-video-marketing-5-tips-for-a-successful-business-in-2024-1  /id/blog/mengoptimalkan-video-marketing-5-tips-agar-bisnismu-sukses-di-2024-2  302
/news/videotranslatorai-di-nsw-commercialisation-showcase-2024  /id/blog/videotranslatorai-di-nsw-commercialisation-showcase-2024  302
/id/id/blog/videotranslatorai-di-nsw-commercialisation-showcase-2024  /id/blog/videotranslatorai-di-nsw-commercialisation-showcase-2024  302
/blog/videotranslatorai-di-nsw-commercialisation-showcase-2024  /blog/videotranslatorai-at-the-2024-nsw-commercialisation-showcase  302
/id/blog/videotranslatorai-at-the-2024-nsw-commercialisation-showcase  /id/blog/videotranslatorai-di-nsw-commercialisation-showcase-2024  302
/news/perjalanan-kami-dengan-sbir-tahap-1-meningkatkan-aksesibilitas-layanan-kesehatan-untuk-komunitas-cald  /id/blog/perjalanan-kami-dengan-sbir-tahap-1-meningkatkan-aksesibilitas-layanan-kesehatan-untuk-komunitas-cald  302
/id/id/blog/perjalanan-kami-dengan-sbir-tahap-1-meningkatkan-aksesibilitas-layanan-kesehatan-untuk-komunitas-cald  /id/blog/perjalanan-kami-dengan-sbir-tahap-1-meningkatkan-aksesibilitas-layanan-kesehatan-untuk-komunitas-cald  302
/blog/perjalanan-kami-dengan-sbir-tahap-1-meningkatkan-aksesibilitas-layanan-kesehatan-untuk-komunitas-cald  /blog/our-journey-with-sbir-phase-1-enhancing-healthcare-accessibility-for-cald-communities  302
/id/blog/our-journey-with-sbir-phase-1-enhancing-healthcare-accessibility-for-cald-communities  /id/blog/perjalanan-kami-dengan-sbir-tahap-1-meningkatkan-aksesibilitas-layanan-kesehatan-untuk-komunitas-cald  302
/news/videotranslatorai-terpilih-untuk-menjalankan-studi-kelayakan-program-nsw-small-business-innovation-research  /id/blog/videotranslatorai-terpilih-untuk-menjalankan-studi-kelayakan-program-nsw-small-business-innovation-research  302
/id/id/blog/videotranslatorai-terpilih-untuk-menjalankan-studi-kelayakan-program-nsw-small-business-innovation-research  /id/blog/videotranslatorai-terpilih-untuk-menjalankan-studi-kelayakan-program-nsw-small-business-innovation-research  302
/blog/videotranslatorai-terpilih-untuk-menjalankan-studi-kelayakan-program-nsw-small-business-innovation-research  /blog/VideoTranslatorAI-wins-feasibility-study-for-nsw-small-business-innovation-research-program  302
/id/blog/VideoTranslatorAI-wins-feasibility-study-for-nsw-small-business-innovation-research-program  /id/blog/videotranslatorai-terpilih-untuk-menjalankan-studi-kelayakan-program-nsw-small-business-innovation-research  302
/news/khmer-jembatan-budaya-menuju-kamboja  /id/blog/khmer-jembatan-budaya-menuju-kamboja  302
/id/id/blog/khmer-jembatan-budaya-menuju-kamboja  /id/blog/khmer-jembatan-budaya-menuju-kamboja  302
/blog/khmer-jembatan-budaya-menuju-kamboja  /blog/khmer-a-cultural-bridge-to-cambodia  302
/id/blog/khmer-a-cultural-bridge-to-cambodia  /id/blog/khmer-jembatan-budaya-menuju-kamboja  302
/news/keunikan-dari-bahasa-indonesia  /id/blog/keunikan-dari-bahasa-indonesia  302
/id/id/blog/keunikan-dari-bahasa-indonesia  /id/blog/keunikan-dari-bahasa-indonesia  302
/blog/keunikan-dari-bahasa-indonesia  /blog/unraveling-the-unique-inclusive-language-of-ndonesia  302
/id/blog/unraveling-the-unique-inclusive-language-of-ndonesia  /id/blog/keunikan-dari-bahasa-indonesia  302
/news/bagaimana-terjemahan-video-dapat-membantu-konservasi-sungai  /id/blog/bagaimana-terjemahan-video-dapat-membantu-konservasi-sungai  302
/id/id/blog/bagaimana-terjemahan-video-dapat-membantu-konservasi-sungai  /id/blog/bagaimana-terjemahan-video-dapat-membantu-konservasi-sungai  302
/blog/bagaimana-terjemahan-video-dapat-membantu-konservasi-sungai  /blog/how-video-translation-can-help-river-conservation  302
/id/blog/how-video-translation-can-help-river-conservation  /id/blog/bagaimana-terjemahan-video-dapat-membantu-konservasi-sungai  302
/news/videotranslatorai-menerjemahkan-backroads-picture-masterpiece-mengapa-terjemahan-film-penting  /id/blog/videotranslatorai-menerjemahkan-backroads-picture-masterpiece-mengapa-terjemahan-film-penting  302
/id/id/blog/videotranslatorai-menerjemahkan-backroads-picture-masterpiece-mengapa-terjemahan-film-penting  /id/blog/videotranslatorai-menerjemahkan-backroads-picture-masterpiece-mengapa-terjemahan-film-penting  302
/blog/videotranslatorai-menerjemahkan-backroads-picture-masterpiece-mengapa-terjemahan-film-penting  /blog/videotranslatorai-translates-backroads-picture-masterpiece  302
/id/blog/videotranslatorai-translates-backroads-picture-masterpiece  /id/blog/videotranslatorai-menerjemahkan-backroads-picture-masterpiece-mengapa-terjemahan-film-penting  302
/news/videotranslatorai-dan-global-humanistic-university-berkolaborasi-untuk-merevolusi-pendidikan-ai  /id/blog/videotranslatorai-dan-global-humanistic-university-berkolaborasi-untuk-merevolusi-pendidikan-ai  302
/id/id/blog/videotranslatorai-dan-global-humanistic-university-berkolaborasi-untuk-merevolusi-pendidikan-ai  /id/blog/videotranslatorai-dan-global-humanistic-university-berkolaborasi-untuk-merevolusi-pendidikan-ai  302
/blog/videotranslatorai-dan-global-humanistic-university-berkolaborasi-untuk-merevolusi-pendidikan-ai  /blog/video-translator-ai-and-global-humanistic-university-collaborate-to-revolutionize-ai-education  302
/id/blog/video-translator-ai-and-global-humanistic-university-collaborate-to-revolutionize-ai-education  /id/blog/videotranslatorai-dan-global-humanistic-university-berkolaborasi-untuk-merevolusi-pendidikan-ai  302
/news/inklusif-dan-efektif-kekuatan-juara-informasi-lokal-dalam-layanan-darurat  /id/blog/inklusif-dan-efektif-kekuatan-juara-informasi-lokal-dalam-layanan-darurat  302
/id/id/blog/inklusif-dan-efektif-kekuatan-juara-informasi-lokal-dalam-layanan-darurat  /id/blog/inklusif-dan-efektif-kekuatan-juara-informasi-lokal-dalam-layanan-darurat  302
/blog/inklusif-dan-efektif-kekuatan-juara-informasi-lokal-dalam-layanan-darurat  /blog/inclusive-and-effective-the-power-of-local-information-champions-in-emergency-services  302
/id/blog/inclusive-and-effective-the-power-of-local-information-champions-in-emergency-services  /id/blog/inklusif-dan-efektif-kekuatan-juara-informasi-lokal-dalam-layanan-darurat  302
/news/merangkul-ketahanan-perjalanan-kami-dengan-dana-komersialisasi-kebakaran-hutan-1  /id/blog/merangkul-ketahanan-perjalanan-kami-dengan-dana-komersialisasi-kebakaran-hutan-1  302
/id/id/blog/merangkul-ketahanan-perjalanan-kami-dengan-dana-komersialisasi-kebakaran-hutan-1  /id/blog/merangkul-ketahanan-perjalanan-kami-dengan-dana-komersialisasi-kebakaran-hutan-1  302
/blog/merangkul-ketahanan-perjalanan-kami-dengan-dana-komersialisasi-kebakaran-hutan-1  /blog/embracing-resilience-our-journey-with-the-bushfire-commercialisation-fund  302
/id/blog/embracing-resilience-our-journey-with-the-bushfire-commercialisation-fund  /id/blog/merangkul-ketahanan-perjalanan-kami-dengan-dana-komersialisasi-kebakaran-hutan-1  302
/news/trusted-lingo-langkah-baru-untuk-komunikasi-multilingual  /id/blog/trusted-lingo-langkah-baru-untuk-komunikasi-multilingual  302
/id/id/blog/trusted-lingo-langkah-baru-untuk-komunikasi-multilingual  /id/blog/trusted-lingo-langkah-baru-untuk-komunikasi-multilingual  302
/blog/trusted-lingo-langkah-baru-untuk-komunikasi-multilingual  /blog/trusted-lingo-a-new-approach-to-cald-communications  302
/id/blog/trusted-lingo-a-new-approach-to-cald-communications  /id/blog/trusted-lingo-langkah-baru-untuk-komunikasi-multilingual  302
/news/apa-yang-membuat-penerjemahan-menjadi-sulit  /id/blog/apa-yang-membuat-penerjemahan-menjadi-sulit  302
/id/id/blog/apa-yang-membuat-penerjemahan-menjadi-sulit  /id/blog/apa-yang-membuat-penerjemahan-menjadi-sulit  302
/blog/apa-yang-membuat-penerjemahan-menjadi-sulit  /blog/what-makes-translation-so-difficult  302
/id/blog/what-makes-translation-so-difficult  /id/blog/apa-yang-membuat-penerjemahan-menjadi-sulit  302
/news/warna-font-terbaik-untuk-subtitle  /id/blog/warna-font-terbaik-untuk-subtitle  302
/id/id/blog/warna-font-terbaik-untuk-subtitle  /id/blog/warna-font-terbaik-untuk-subtitle  302
/news/cara-menambahkan-musik-ke-video  /id/blog/cara-menambahkan-musik-ke-video  302
/id/id/blog/cara-menambahkan-musik-ke-video  /id/blog/cara-menambahkan-musik-ke-video  302
/news/terjemah-video-ke-bahasa-inggris  /id/blog/terjemah-video-ke-bahasa-inggris  302
/id/id/blog/terjemah-video-ke-bahasa-inggris  /id/blog/terjemah-video-ke-bahasa-inggris  302
/news/7-cara-menghilangkan-suara-video  /id/blog/7-cara-menghilangkan-suara-video  302
/id/id/blog/7-cara-menghilangkan-suara-video  /id/blog/7-cara-menghilangkan-suara-video  302
/news/alasan-menggunakan-video-marketing  /id/blog/alasan-menggunakan-video-marketing  302
/id/id/blog/alasan-menggunakan-video-marketing  /id/blog/alasan-menggunakan-video-marketing  302
/news/mengoptimalkan-seo-pada-video  /id/blog/mengoptimalkan-seo-pada-video  302
/id/id/blog/mengoptimalkan-seo-pada-video  /id/blog/mengoptimalkan-seo-pada-video  302
/news/10-kata-bahasa-indonesia-yang-sulit-diterjemahkan  /id/blog/10-kata-bahasa-indonesia-yang-sulit-diterjemahkan  302
/id/id/blog/10-kata-bahasa-indonesia-yang-sulit-diterjemahkan  /id/blog/10-kata-bahasa-indonesia-yang-sulit-diterjemahkan  302
/news/5-negara-dengan-bahasa-resmi-terbanyak  /id/blog/5-negara-dengan-bahasa-resmi-terbanyak  302
/id/id/blog/5-negara-dengan-bahasa-resmi-terbanyak  /id/blog/5-negara-dengan-bahasa-resmi-terbanyak  302
/news/5-effect-mudah-pemula-premiere-pro  /id/blog/5-effect-mudah-pemula-premiere-pro  302
/id/id/blog/5-effect-mudah-pemula-premiere-pro  /id/blog/5-effect-mudah-pemula-premiere-pro  302
/news/cara-mengganti-background-video  /id/blog/cara-mengganti-background-video  302
/id/id/blog/cara-mengganti-background-video  /id/blog/cara-mengganti-background-video  302
/news/5-cara-merekam-layar-laptop-dan-hp  /id/blog/5-cara-merekam-layar-laptop-dan-hp  302
/id/id/blog/5-cara-merekam-layar-laptop-dan-hp  /id/blog/5-cara-merekam-layar-laptop-dan-hp  302
/news/4-cara-mudah-mengubah-video-menjadi-mp3  /id/blog/4-cara-mudah-mengubah-video-menjadi-mp3  302
/id/id/blog/4-cara-mudah-mengubah-video-menjadi-mp3  /id/blog/4-cara-mudah-mengubah-video-menjadi-mp3  302
/news/cara-menambahkan-watermark-ke-video-youtube  /id/blog/cara-menambahkan-watermark-ke-video-youtube  302
/id/id/blog/cara-menambahkan-watermark-ke-video-youtube  /id/blog/cara-menambahkan-watermark-ke-video-youtube  302
/news/cara-menggabungkan-subtitle-film-secara-permanen-  /id/blog/cara-menggabungkan-subtitle-film-secara-permanen-  302
/id/id/blog/cara-menggabungkan-subtitle-film-secara-permanen-  /id/blog/cara-menggabungkan-subtitle-film-secara-permanen-  302
/news/cara-menambahkan-text-di-adobe-premiere-pro-  /id/blog/cara-menambahkan-text-di-adobe-premiere-pro-  302
/id/id/blog/cara-menambahkan-text-di-adobe-premiere-pro-  /id/blog/cara-menambahkan-text-di-adobe-premiere-pro-  302
/news/berbagai-cara-menerjemahkan-video-youtube  /id/blog/berbagai-cara-menerjemahkan-video-youtube  302
/id/id/blog/berbagai-cara-menerjemahkan-video-youtube  /id/blog/berbagai-cara-menerjemahkan-video-youtube  302
/news/review-aplikasi-vixer-untuk-mengedit-video-di-iphone  /id/blog/review-aplikasi-vixer-untuk-mengedit-video-di-iphone  302
/id/id/blog/review-aplikasi-vixer-untuk-mengedit-video-di-iphone  /id/blog/review-aplikasi-vixer-untuk-mengedit-video-di-iphone  302
/news/menghilangkan-suara-bising-atau-noise  /id/blog/menghilangkan-suara-bising-atau-noise  302
/id/id/blog/menghilangkan-suara-bising-atau-noise  /id/blog/menghilangkan-suara-bising-atau-noise  302
/news/tips-canva-supaya-video-kalian-makin-keren  /id/blog/tips-canva-supaya-video-kalian-makin-keren  302
/id/id/blog/tips-canva-supaya-video-kalian-makin-keren  /id/blog/tips-canva-supaya-video-kalian-makin-keren  302
/news/cara-menambahkan-subtitle-ke-video-you-tube-facebook-dan-linked-in  /id/blog/cara-menambahkan-subtitle-ke-video-you-tube-facebook-dan-linked-in  302
/id/id/blog/cara-menambahkan-subtitle-ke-video-you-tube-facebook-dan-linked-in  /id/blog/cara-menambahkan-subtitle-ke-video-you-tube-facebook-dan-linked-in  302
/news/mengedit-dan-mengimpor-file-srt-ke-premiere-pro  /id/blog/mengedit-dan-mengimpor-file-srt-ke-premiere-pro  302
/id/id/blog/mengedit-dan-mengimpor-file-srt-ke-premiere-pro  /id/blog/mengedit-dan-mengimpor-file-srt-ke-premiere-pro  302
/news/memperkenalkan-anggota-baru-tessa-james-yuriy  /id/blog/memperkenalkan-anggota-baru-tessa-james-yuriy  302
/id/id/blog/memperkenalkan-anggota-baru-tessa-james-yuriy  /id/blog/memperkenalkan-anggota-baru-tessa-james-yuriy  302
/news/review-aplikasi-splice-untuk-mengedit-video-di-iphone  /id/blog/review-aplikasi-splice-untuk-mengedit-video-di-iphone  302
/id/id/blog/review-aplikasi-splice-untuk-mengedit-video-di-iphone  /id/blog/review-aplikasi-splice-untuk-mengedit-video-di-iphone  302
/news/meninggalkan-warisan-jangka-panjang-mengurasi-sejarah-keluarga-anda  /id/blog/meninggalkan-warisan-jangka-panjang-mengurasi-sejarah-keluarga-anda  302
/id/id/blog/meninggalkan-warisan-jangka-panjang-mengurasi-sejarah-keluarga-anda  /id/blog/meninggalkan-warisan-jangka-panjang-mengurasi-sejarah-keluarga-anda  302
/blog/meninggalkan-warisan-jangka-panjang-mengurasi-sejarah-keluarga-anda  /blog/leaving-a-long-lasting-legacy-by-curating-your-familys-history  302
/id/blog/leaving-a-long-lasting-legacy-by-curating-your-familys-history  /id/blog/meninggalkan-warisan-jangka-panjang-mengurasi-sejarah-keluarga-anda  302
/news/10-tips-jitu-untuk-belajar-bahasa-baru  /id/blog/10-tips-jitu-untuk-belajar-bahasa-baru  302
/id/id/blog/10-tips-jitu-untuk-belajar-bahasa-baru  /id/blog/10-tips-jitu-untuk-belajar-bahasa-baru  302
/news/berita-terbaru-di-industri-teknologi-terjemahan  /id/blog/berita-terbaru-di-industri-teknologi-terjemahan  302
/id/id/blog/berita-terbaru-di-industri-teknologi-terjemahan  /id/blog/berita-terbaru-di-industri-teknologi-terjemahan  302
/news/8-editor-video-singkat-terbaik-android-2021  /id/blog/8-editor-video-singkat-terbaik-android-2021  302
/id/id/blog/8-editor-video-singkat-terbaik-android-2021  /id/blog/8-editor-video-singkat-terbaik-android-2021  302
/news/seperti-apa-kerjasama-dengan-perusahaan-penerjemah-video  /id/blog/seperti-apa-kerjasama-dengan-perusahaan-penerjemah-video  302
/id/id/blog/seperti-apa-kerjasama-dengan-perusahaan-penerjemah-video  /id/blog/seperti-apa-kerjasama-dengan-perusahaan-penerjemah-video  302
/news/3-alasan-untuk-mencoba-penerjemah-bertenaga-kecerdasan-buatan  /id/blog/3-alasan-untuk-mencoba-penerjemah-bertenaga-kecerdasan-buatan  302
/id/id/blog/3-alasan-untuk-mencoba-penerjemah-bertenaga-kecerdasan-buatan  /id/blog/3-alasan-untuk-mencoba-penerjemah-bertenaga-kecerdasan-buatan  302
/news/bagaimana-universitas-vyasa-melawan-covid-dengan-terjemahan-video  /id/blog/bagaimana-universitas-vyasa-melawan-covid-dengan-terjemahan-video  302
/id/id/blog/bagaimana-universitas-vyasa-melawan-covid-dengan-terjemahan-video  /id/blog/bagaimana-universitas-vyasa-melawan-covid-dengan-terjemahan-video  302
/blog/bagaimana-universitas-vyasa-melawan-covid-dengan-terjemahan-video  /blog/how-vyasa-university-is-fighting-covid-with-video-translation  302
/id/blog/how-vyasa-university-is-fighting-covid-with-video-translation  /id/blog/bagaimana-universitas-vyasa-melawan-covid-dengan-terjemahan-video  302
/news/bagaimana-qa-chef-menjangkau-klien-di-pasar-yang-sulit  /id/blog/bagaimana-qa-chef-menjangkau-klien-di-pasar-yang-sulit  302
/id/id/blog/bagaimana-qa-chef-menjangkau-klien-di-pasar-yang-sulit  /id/blog/bagaimana-qa-chef-menjangkau-klien-di-pasar-yang-sulit  302
/blog/bagaimana-qa-chef-menjangkau-klien-di-pasar-yang-sulit  /blog/how-qachef-is-reaching-clients-in-a-tough-market  302
/id/blog/how-qachef-is-reaching-clients-in-a-tough-market  /id/blog/bagaimana-qa-chef-menjangkau-klien-di-pasar-yang-sulit  302
/categories/accessibility  /blog/category/accessibility  302
/en/categories/accessibility  /blog/category/accessibility  302
/categories/artificial-intelligence  /blog/category/artificial-intelligence  302
/en/categories/artificial-intelligence  /blog/category/artificial-intelligence  302
/categories/audio  /blog/category/audio  302
/en/categories/audio  /blog/category/audio  302
/categories/best-practices  /blog/category/best-practices  302
/en/categories/best-practices  /blog/category/best-practices  302
/categories/captions  /blog/category/captions  302
/en/categories/captions  /blog/category/captions  302
/categories/case-study  /blog/category/case-study  302
/en/categories/case-study  /blog/category/case-study  302
/categories/conservation  /blog/category/conservation  302
/en/categories/conservation  /blog/category/conservation  302
/categories/dialects  /blog/category/dialects  302
/en/categories/dialects  /blog/category/dialects  302
/categories/dubbing  /blog/category/dubbing  302
/en/categories/dubbing  /blog/category/dubbing  302
/categories/education  /blog/category/education  302
/en/categories/education  /blog/category/education  302
/categories/engineering  /blog/category/engineering  302
/en/categories/engineering  /blog/category/engineering  302
/categories/enterprise  /blog/category/enterprise  302
/en/categories/enterprise  /blog/category/enterprise  302
/categories/finance  /blog/category/finance  302
/en/categories/finance  /blog/category/finance  302
/categories/happy-new-year  /blog/category/happy-new-year  302
/en/categories/happy-new-year  /blog/category/happy-new-year  302
/categories/healthcare  /blog/category/healthcare  302
/en/categories/healthcare  /blog/category/healthcare  302
/categories/internationalization-industry  /blog/category/internationalization-industry  302
/en/categories/internationalization-industry  /blog/category/internationalization-industry  302
/categories/languages  /blog/category/languages  302
/en/categories/languages  /blog/category/languages  302
/categories/localization-industry  /blog/category/localization-industry  302
/en/categories/localization-industry  /blog/category/localization-industry  302
/categories/managed-service  /blog/category/managed-service  302
/en/categories/managed-service  /blog/category/managed-service  302
/categories/management  /blog/category/management  302
/en/categories/management  /blog/category/management  302
/categories/patch-notes  /blog/category/patch-notes  302
/en/categories/patch-notes  /blog/category/patch-notes  302
/categories/retail  /blog/category/retail  302
/en/categories/retail  /blog/category/retail  302
/categories/right-to-left  /blog/category/right-to-left  302
/en/categories/right-to-left  /blog/category/right-to-left  302
/categories/safety  /blog/category/safety  302
/en/categories/safety  /blog/category/safety  302
/categories/subtitles  /blog/category/subtitles  302
/en/categories/subtitles  /blog/category/subtitles  302
/categories/support  /blog/category/support  302
/en/categories/support  /blog/category/support  302
/categories/transcription  /blog/category/transcription  302
/en/categories/transcription  /blog/category/transcription  302
/categories/translation  /blog/category/translation  302
/en/categories/translation  /blog/category/translation  302
/categories/translation-professionals  /blog/category/translation-professionals  302
/en/categories/translation-professionals  /blog/category/translation-professionals  302
/categories/translation-services  /blog/category/translation-services  302
/en/categories/translation-services  /blog/category/translation-services  302
/categories/transliteration  /blog/category/transliteration  302
/en/categories/transliteration  /blog/category/transliteration  302
/categories/users  /blog/category/users  302
/en/categories/users  /blog/category/users  302
/categories/video  /blog/category/video  302
/en/categories/video  /blog/category/video  302
/categories/video-dubbing  /blog/category/video-dubbing  302
/en/categories/video-dubbing  /blog/category/video-dubbing  302
/categories/video-transcription  /blog/category/video-transcription  302
/en/categories/video-transcription  /blog/category/video-transcription  302
/categories/video-translation  /blog/category/video-translation  302
/en/categories/video-translation  /blog/category/video-translation  302
/categories/video-translator  /blog/category/video-translator  302
/en/categories/video-translator  /blog/category/video-translator  302
/categories/visual-guides  /blog/category/visual-guides  302
/en/categories/visual-guides  /blog/category/visual-guides  302
/categories/weekly-roundup  /blog/category/weekly-roundup  302
/en/categories/weekly-roundup  /blog/category/weekly-roundup  302
/categories/welcome  /blog/category/welcome  302
/en/categories/welcome  /blog/category/welcome  302
/terms-of-use  /page/terms-of-use  302
/en/terms-of-use  /page/terms-of-use  302
/language-research  /page/language-research  302
/en/language-research  /page/language-research  302
/privacy-policy  /page/privacy-policy  302
/en/privacy-policy  /page/privacy-policy  302
/about-us  /page/about-us  302
/en/about-us  /page/about-us  302
/free-trial  /contact  302
/news  /blog  302
/en/blog  /blog  302
/id/id/*  /id/404/  200